CustomerID,Age,Gender,Location,AccountAge,PurchaseHistory,Frequency,AvgBasketSize,LastPurchaseDate,Promotions
CUST1,33,M,Berlin,1214,48.72856608448103,46,36,2018-06-08,0
CUST2,37,F,New York,94,118.32590964531018,20,158,2018-03-10,0
CUST3,23,F,New York,1109,335.8957656261671,24,182,2020-05-20,1
CUST4,63,M,London,555,135.66539593364243,36,77,2023-10-12,1
CUST5,38,M,New York,1793,93.64970867867028,5,113,2020-06-02,0
CUST6,62,M,Paris,2205,273.4544431335273,62,14,2021-04-03,1
CUST7,41,M,Berlin,1365,52.6677508942896,19,483,2016-05-19,1
CUST8,21,M,London,3638,151.93202842782102,65,448,2020-03-14,0
CUST9,41,M,New York,2442,22.3207275976692,74,113,2018-03-27,1
CUST10,51,M,London,569,52.89088930079959,91,143,2021-09-30,0
CUST11,67,M,New York,491,53.79365048620121,8,366,2024-07-03,0
CUST12,18,M,London,431,194.76051525560916,30,489,2024-08-11,0
CUST13,32,M,London,2791,24.17291657758796,84,376,2024-02-04,0
CUST14,31,M,London,3139,39.2748516109586,67,13,2023-12-25,0
CUST15,48,M,New York,1065,204.07768914262778,25,373,2019-07-27,1
CUST16,39,M,Berlin,2204,150.83307696672597,88,447,2020-06-04,1
CUST17,45,M,New York,2030,72.28934604907532,57,455,2021-04-28,1
CUST18,30,M,Paris,1311,110.31129618446012,67,355,2023-03-11,1
CUST19,59,M,Paris,843,51.44340185880768,59,368,2023-02-14,1
CUST20,38,M,London,2822,124.50533517133961,86,188,2018-11-07,1
CUST21,64,F,New York,48,187.28078142787945,32,193,2019-03-11,0
CUST22,42,M,Berlin,2907,55.97192253563581,33,399,2021-07-10,1
CUST23,36,M,London,2060,211.62659698554728,4,369,2015-09-09,1
CUST24,49,F,Berlin,2100,204.3153369476371,18,131,2015-03-13,0
CUST25,25,F,New York,1431,75.14169819199962,94,77,2023-07-10,0
CUST26,44,F,Berlin,1517,169.36907603776672,78,424,2018-07-12,0
CUST27,20,F,New York,664,32.0275225898681,95,188,2016-07-15,0
CUST28,61,F,Berlin,32,68.14811544446965,23,271,2016-10-30,0
CUST29,24,M,London,2458,42.692905490189666,24,153,2015-04-10,1
CUST30,56,M,New York,1014,144.18844480603846,53,307,2016-01-09,0
CUST31,36,M,Berlin,2728,201.59049522549805,13,128,2015-11-29,1
CUST32,22,M,Berlin,2639,106.60191286066252,91,478,2023-11-01,0
CUST33,57,M,London,2719,212.2958589809456,25,488,2017-12-28,1
CUST34,44,F,London,795,103.36541609807573,37,168,2022-09-12,1
CUST35,19,M,New York,253,55.74809108780187,19,260,2016-08-29,0
CUST36,45,F,London,1169,29.698705014852283,58,414,2018-03-04,1
CUST37,58,M,New York,2427,114.15335744562127,52,67,2020-02-17,1
CUST38,29,F,London,424,9.826632127083968,91,46,2020-04-14,1
CUST39,60,M,Berlin,616,82.07008333608407,68,66,2016-08-10,0
CUST40,23,F,London,787,44.07564921672793,90,307,2024-07-23,0
CUST41,33,F,Paris,1817,228.20276223747632,49,488,2021-09-14,0
CUST42,47,M,Paris,194,124.95013203594367,50,397,2019-09-10,0
CUST43,31,M,London,887,72.72519788687543,48,185,2024-11-09,1
CUST44,23,F,Paris,3183,169.08841420664103,4,81,2022-03-09,0
CUST45,64,M,London,3184,134.12548007626467,44,119,2016-10-03,0
CUST46,61,F,Berlin,1501,90.9799196890955,67,364,2016-04-21,1
CUST47,68,F,Berlin,1513,56.21283076159027,77,255,2017-07-31,1
CUST48,20,F,Berlin,1470,177.43478136179823,42,332,2021-05-12,0
CUST49,41,M,New York,2209,22.819639598022533,76,483,2018-04-20,0
CUST50,47,M,Berlin,1207,50.45261467372247,67,171,2016-09-17,1
CUST51,26,M,London,346,133.9520868241833,77,437,2022-10-23,1
CUST52,25,F,Paris,1965,51.17016720677421,11,137,2017-06-12,0
CUST53,27,M,London,2223,88.26756120741429,16,479,2018-06-19,1
CUST54,34,F,London,2182,46.831262424097616,88,487,2016-07-21,0
CUST55,30,F,London,202,112.60190047808256,60,375,2019-07-12,0
CUST56,20,F,Berlin,2452,57.36266069641914,89,174,2015-01-10,1
CUST57,62,M,Paris,1826,131.37263198861984,4,485,2015-08-15,1
CUST58,24,M,Berlin,144,16.74513224796767,31,229,2023-09-04,0
CUST59,58,M,Paris,562,76.64229271172172,92,314,2015-08-15,1
CUST60,42,F,New York,1293,171.15199088115548,85,217,2017-01-18,0
CUST61,26,F,Paris,2904,64.41178695684123,45,361,2019-07-12,0
CUST62,60,M,New York,1219,12.314547862130604,99,363,2023-12-15,0
CUST63,62,F,Berlin,556,30.118873655630463,72,469,2018-06-28,0
CUST64,33,M,Berlin,1976,57.58656433651507,35,347,2016-10-26,1
CUST65,33,F,London,3047,192.00811832817232,63,243,2015-05-05,0
CUST66,31,M,London,1993,39.52766820841888,48,346,2020-08-30,0
CUST67,47,M,New York,365,150.46244393720863,83,267,2023-08-22,0
CUST68,29,F,Berlin,356,122.60682394507162,70,96,2019-06-15,1
CUST69,41,F,Paris,1462,108.4517738311241,72,463,2016-08-16,0
CUST70,52,F,Berlin,2865,43.11900589264274,70,315,2016-11-12,0
CUST71,47,F,Berlin,1361,71.20881004374084,53,253,2017-04-22,1
CUST72,68,F,New York,1498,209.03633784367045,36,350,2021-09-15,0
CUST73,42,F,Paris,3611,109.89274935011773,25,68,2019-08-10,1
CUST74,46,F,Berlin,1212,286.2692867942372,33,242,2015-08-07,0
CUST75,32,M,Berlin,2076,28.320335990418805,91,108,2015-01-11,0
CUST76,42,M,Berlin,2371,89.08300885359277,47,321,2022-11-09,0
CUST77,21,F,Paris,1947,48.211418102524014,34,266,2019-06-19,0
CUST78,35,F,Berlin,2292,100.46668827344287,86,382,2015-01-19,1
CUST79,38,F,Paris,1738,104.2131378983689,76,58,2022-02-23,1
CUST80,69,F,New York,3007,50.157897189074475,80,142,2020-07-06,0
CUST81,52,F,New York,380,36.576785909097666,54,154,2017-12-02,0
CUST82,53,M,London,2029,52.402683512029036,89,207,2020-08-12,1
CUST83,69,F,New York,1821,142.40789479823314,48,33,2019-07-06,1
CUST84,33,F,Berlin,1285,131.9091290955315,67,26,2021-11-27,0
CUST85,37,M,London,2521,32.84583359087212,88,342,2020-02-26,0
CUST86,55,M,Berlin,1165,18.251593576983957,79,458,2019-04-06,1
CUST87,69,M,Berlin,3431,224.48810652018923,79,428,2016-04-27,0
CUST88,45,M,London,2041,99.70285754862844,41,52,2023-12-17,1
CUST89,38,F,New York,1192,113.21383277696495,75,427,2015-12-15,0
CUST90,40,M,Berlin,1391,81.41930664289771,20,402,2023-05-14,1
CUST91,60,F,Paris,3347,97.68051255734625,13,53,2018-01-24,1
CUST92,50,M,Berlin,3310,133.60607680586344,6,400,2018-06-13,0
CUST93,30,F,New York,2578,261.16762603592997,62,357,2022-11-10,1
CUST94,40,M,London,3248,39.48307098658351,5,488,2022-12-29,0
CUST95,44,F,New York,276,50.55254395745472,23,461,2019-04-17,0
CUST96,35,M,Paris,196,230.71772762642442,44,255,2022-10-07,0
CUST97,23,M,Paris,2648,94.43571845825072,44,38,2015-05-08,0
CUST98,68,M,Berlin,2341,179.9405514903479,21,188,2018-09-25,1
CUST99,21,M,Paris,1676,112.10056235134222,24,476,2022-06-04,1
CUST100,63,F,Berlin,1118,89.23372593414146,39,243,2021-12-14,0
CUST101,26,F,New York,1582,71.34272162788672,2,40,2021-12-21,1
CUST102,60,M,Paris,1940,46.30630388542242,65,149,2018-12-16,0
CUST103,60,F,Berlin,339,85.38650871937037,3,428,2023-05-02,1
CUST104,58,M,Paris,1994,303.45393813612566,27,269,2016-01-12,1
CUST105,66,M,Paris,116,82.59834249096441,71,45,2018-11-01,1
CUST106,24,F,London,279,48.78564323891474,12,200,2016-11-22,0
CUST107,37,F,Paris,1890,87.12478595800626,14,202,2021-09-12,1
CUST108,28,M,Berlin,1794,27.965295283754887,90,492,2016-05-31,1
CUST109,63,F,New York,1122,118.16733293344936,46,172,2024-05-06,0
CUST110,28,F,New York,2525,34.124861787406914,52,217,2015-03-13,0
CUST111,56,M,Paris,1728,71.09434651869533,30,101,2016-02-15,1
CUST112,53,M,London,2656,67.77458323835677,74,90,2024-06-08,1
CUST113,64,F,New York,1554,73.95315832337258,99,400,2021-02-26,1
CUST114,45,F,London,1868,14.105224392108589,62,217,2021-01-03,0
CUST115,46,F,New York,245,17.760941881528495,61,118,2022-11-22,1
CUST116,40,M,London,1674,22.020642892963167,71,484,2022-07-30,0
CUST117,39,F,New York,3596,334.30300864388926,95,362,2020-09-07,1
CUST118,56,M,Paris,1081,35.32989515428003,12,293,2023-04-24,0
CUST119,22,F,London,281,126.27360906705101,61,160,2018-06-12,0
CUST120,24,M,Berlin,1760,57.8820898597572,4,453,2018-02-01,0
CUST121,63,M,Berlin,1354,47.01647102202524,52,123,2017-07-11,0
CUST122,29,M,New York,3503,184.2492750136998,9,353,2015-05-26,0
CUST123,18,M,New York,1542,171.15147813852752,65,437,2017-10-01,0
CUST124,58,F,Berlin,3627,111.28753404617899,42,361,2023-10-11,0
CUST125,65,F,Berlin,3084,38.518133584014386,8,435,2015-05-11,1
CUST126,28,M,Paris,549,30.20484610564283,70,226,2017-12-30,1
CUST127,40,F,New York,1992,72.08235501573432,4,339,2019-06-03,0
CUST128,18,M,New York,242,99.88622455571785,2,180,2024-05-17,0
CUST129,38,F,London,969,253.1924743150658,45,422,2020-03-24,0
CUST130,29,M,London,2028,84.60062298971258,7,165,2021-03-14,1
CUST131,61,F,Berlin,2951,109.07321532424525,30,154,2015-09-05,1
CUST132,56,M,Paris,2364,38.20586392948515,87,274,2015-04-12,1
CUST133,38,F,New York,3051,185.13397943531703,54,320,2017-04-30,0
CUST134,56,F,Berlin,2444,61.85715533098911,38,149,2016-01-31,1
CUST135,32,F,Berlin,2545,234.12469880591306,68,170,2017-05-01,0
CUST136,22,F,Berlin,490,64.80201908752392,34,51,2015-02-10,0
CUST137,69,M,New York,693,55.96605862453886,59,366,2019-08-14,0
CUST138,31,F,Paris,1197,115.74765721463574,38,154,2021-05-11,0
CUST139,42,F,Paris,2794,26.435266277541196,85,70,2020-11-30,1
CUST140,28,M,Berlin,2612,56.81335594023263,30,466,2021-02-17,1
CUST141,24,M,London,547,148.0333434712548,52,80,2023-09-17,0
CUST142,40,M,Berlin,3480,82.71014812953318,46,63,2017-12-02,1
CUST143,41,M,Berlin,2526,65.62811862370076,37,66,2015-08-22,0
CUST144,64,M,Paris,3292,129.33239093427943,99,483,2023-09-04,1
CUST145,33,M,London,1718,218.76298183446266,99,414,2018-04-13,0
CUST146,65,M,Paris,1403,140.1818645105387,25,87,2015-01-22,1
CUST147,62,F,London,2008,255.20644382798645,93,290,2017-07-20,1
CUST148,32,M,London,3518,71.25373662267145,43,126,2018-03-12,1
CUST149,54,M,Berlin,1137,69.92576895934926,4,409,2023-03-14,1
CUST150,41,M,Paris,3375,247.67991695536003,21,247,2018-03-03,1
CUST151,57,M,Paris,231,41.29914783688181,84,105,2023-02-22,0
CUST152,48,F,Berlin,2506,35.0205146815375,94,382,2021-08-24,1
CUST153,55,F,New York,1361,59.13826882354284,27,435,2022-12-22,0
CUST154,54,M,London,1946,197.38265962122404,2,295,2015-02-09,1
CUST155,67,M,New York,234,177.19577830914704,62,477,2019-06-04,1
CUST156,60,M,Berlin,261,28.41487541622539,76,375,2017-12-24,1
CUST157,23,F,New York,2087,122.0272055628655,8,288,2018-03-02,1
CUST158,44,F,Berlin,3488,88.04579504476803,81,263,2022-07-18,0
CUST159,54,M,New York,2783,54.11094025994975,91,79,2022-12-03,1
CUST160,66,M,Berlin,392,25.539607651928435,50,149,2016-10-01,1
CUST161,56,F,London,2629,91.82415101668016,78,172,2016-11-12,0
CUST162,58,F,Paris,1661,36.08467878403828,72,330,2021-12-25,1
CUST163,52,F,New York,3092,51.01903220131659,53,381,2016-12-15,0
CUST164,48,M,New York,567,163.1724670228935,56,56,2019-03-10,1
CUST165,58,F,Paris,3292,32.22626319170084,58,114,2020-06-30,1
CUST166,44,F,London,2315,93.74095825646188,60,399,2023-01-15,1
CUST167,65,M,Paris,304,89.99768232185397,20,319,2021-11-14,0
CUST168,58,M,Berlin,2163,90.64626850076809,78,257,2023-05-02,0
CUST169,34,F,London,377,128.67092536160203,27,275,2019-11-10,0
CUST170,40,M,Berlin,3239,142.36113455416617,66,301,2018-01-30,1
CUST171,56,F,New York,1456,76.60377580450997,75,264,2024-07-15,0
CUST172,25,F,London,2528,70.10749433475775,55,50,2016-06-09,1
CUST173,66,M,London,3292,178.58108737617516,65,269,2022-06-08,1
CUST174,55,M,London,2186,213.86228366282202,12,466,2015-12-26,1
CUST175,24,F,Paris,2984,72.12875949804425,37,268,2016-09-21,1
CUST176,60,M,London,616,35.372160988989,84,494,2019-09-14,0
CUST177,61,M,Berlin,2775,218.64301430321805,88,162,2019-05-13,0
CUST178,47,M,Berlin,3202,39.9959862155586,32,174,2023-12-07,1
CUST179,44,F,Berlin,2966,99.55771381457636,12,249,2019-05-25,0
CUST180,28,F,London,1123,37.0898917819195,65,216,2021-07-27,1
CUST181,20,M,London,661,36.55758608781228,44,148,2024-05-17,0
CUST182,58,F,Berlin,485,101.94712264441226,94,357,2017-06-20,0
CUST183,59,F,Paris,923,35.33676667067164,57,295,2024-12-22,1
CUST184,29,M,New York,3085,161.24187815348148,99,141,2023-09-29,1
CUST185,38,M,Paris,285,32.238241828959566,74,488,2015-01-28,1
CUST186,50,F,Paris,1156,105.51103209029114,16,455,2016-10-19,1
CUST187,18,M,Berlin,1775,168.0007639200679,69,186,2015-09-04,0
CUST188,32,F,London,2861,120.30575712605722,34,16,2015-05-28,1
CUST189,67,M,London,666,58.70232321280381,53,367,2019-10-20,0
CUST190,32,M,New York,2929,83.72528879866073,28,381,2015-08-26,1
CUST191,38,F,London,2359,104.25780672648848,50,381,2015-03-07,0
CUST192,34,F,Berlin,2271,85.18224063963561,46,390,2022-09-02,0
CUST193,29,F,Berlin,111,24.970268747816736,71,484,2018-09-06,1
CUST194,57,F,London,2572,80.75502982530564,14,332,2018-10-08,1
CUST195,64,F,London,882,233.48820448276282,43,189,2016-09-18,1
CUST196,55,M,New York,1130,67.19714168618245,74,142,2018-02-11,0
CUST197,41,M,Berlin,3058,47.32478037284751,39,483,2019-10-27,0
CUST198,35,M,Paris,1677,171.97436876026916,92,289,2023-11-28,1
CUST199,38,M,Paris,2867,444.5507600815465,64,163,2015-09-02,1
CUST200,19,M,Berlin,898,59.139960465590434,57,446,2022-05-18,1
CUST201,25,M,London,1718,269.2127522437093,71,326,2017-11-19,0
CUST202,64,F,Berlin,2359,88.72831581816084,6,448,2024-12-12,1
CUST203,49,F,Paris,2153,70.90545289251352,61,361,2022-08-25,1
CUST204,55,M,Berlin,2574,141.39204309492746,33,155,2020-01-20,0
CUST205,50,M,Berlin,3262,385.6726604790177,25,243,2015-08-17,0
CUST206,50,M,Berlin,2656,37.31635264325618,28,51,2015-02-28,0
CUST207,51,F,London,55,83.82262561104942,68,422,2018-02-28,1
CUST208,18,M,Berlin,998,39.100048125724626,47,468,2023-03-14,1
CUST209,60,M,Berlin,1696,89.81534917019461,92,422,2016-10-30,1
CUST210,48,F,Paris,2195,72.67144370008842,63,378,2018-12-24,1
CUST211,23,F,London,947,23.29502508294056,37,152,2015-11-03,0
CUST212,61,F,Paris,60,32.986419748413844,21,195,2018-04-30,0
CUST213,33,M,London,575,109.89855734891174,30,50,2022-02-17,1
CUST214,39,M,London,315,54.05521856681161,38,464,2024-05-21,1
CUST215,55,F,Paris,1489,53.74442192603483,22,73,2022-12-27,0
CUST216,55,M,Berlin,2481,9.310780290184855,23,45,2017-03-26,1
CUST217,37,M,New York,1727,87.79627873166628,74,173,2016-10-20,1
CUST218,22,F,Paris,1907,63.107909811878294,47,418,2019-01-05,0
CUST219,20,F,London,59,162.23771634375726,47,217,2018-09-27,1
CUST220,60,F,London,3455,87.51064945439474,80,166,2022-11-25,0
CUST221,52,F,London,1293,35.206794714044555,31,306,2015-07-23,0
CUST222,26,F,Berlin,1750,115.16651424494226,2,39,2018-04-05,1
CUST223,47,F,London,2089,79.24820785155255,25,320,2016-06-28,0
CUST224,27,M,London,1514,42.00327926862365,90,59,2024-02-08,1
CUST225,23,F,London,1743,21.929584646111977,54,46,2016-10-11,1
CUST226,65,M,London,2322,155.41277082340054,37,193,2021-04-23,1
CUST227,60,M,London,1775,31.07364171889455,37,447,2024-06-05,1
CUST228,34,M,Paris,1478,108.15111950334067,50,307,2018-10-10,1
CUST229,30,M,London,3238,78.62908037893061,64,317,2016-08-16,0
CUST230,64,F,Paris,2112,177.02873745056573,61,208,2023-04-17,1
CUST231,60,M,London,2735,81.57707501666647,4,204,2020-11-29,1
CUST232,36,F,New York,1906,114.92849280283308,52,151,2019-05-07,1
CUST233,63,M,Berlin,1764,55.70613172544465,89,139,2018-08-24,1
CUST234,43,M,New York,2358,61.904699148831014,3,248,2023-10-21,1
CUST235,42,M,Paris,734,142.38185338210027,63,449,2024-07-19,1
CUST236,24,F,Paris,1316,46.3724744925405,47,216,2024-02-25,0
CUST237,60,F,New York,3259,3.6401182913312757,34,462,2020-02-21,0
CUST238,63,F,Berlin,1083,12.753995214520556,85,310,2021-08-19,0
CUST239,42,M,Paris,3348,21.454993560128948,6,145,2016-09-30,0
CUST240,54,F,Paris,989,59.801749926495276,59,482,2017-11-19,1
CUST241,39,F,Berlin,585,229.60504397843354,20,412,2020-04-04,0
CUST242,18,F,Paris,2436,50.61982174725992,33,163,2024-03-18,1
CUST243,58,M,London,1255,56.842017111303925,92,18,2018-06-08,0
CUST244,24,F,New York,2925,53.577740909783024,54,76,2016-02-03,1
CUST245,68,M,Paris,1169,51.52559374484762,24,302,2015-07-12,0
CUST246,33,F,Paris,3473,77.7730609458475,79,345,2024-05-08,0
CUST247,27,M,Berlin,2980,88.75292170500445,73,300,2018-11-24,1
CUST248,39,F,New York,2270,32.1187692257871,5,429,2019-12-13,1
CUST249,66,F,Berlin,1099,32.763131455173855,76,276,2021-07-05,1
CUST250,24,M,Berlin,719,137.75198376902677,95,259,2017-06-22,0
CUST251,50,M,Paris,2484,327.5056229039943,23,212,2019-11-05,1
CUST252,30,F,New York,2678,91.6835763689443,61,396,2018-04-08,0
CUST253,39,F,Berlin,3150,12.355255832142982,13,491,2024-07-13,0
CUST254,47,F,New York,1651,30.362701456177376,56,437,2018-09-29,1
CUST255,65,F,London,396,45.63897367630137,92,397,2016-01-05,1
CUST256,39,M,Berlin,3298,50.52120894372506,11,220,2015-01-21,1
CUST257,44,M,Berlin,3363,64.28761922506312,94,369,2019-07-04,1
CUST258,62,F,Berlin,1173,49.75811137718137,24,68,2021-04-27,0
CUST259,23,M,Berlin,632,190.5338640990992,2,441,2022-01-30,0
CUST260,22,M,Berlin,2084,13.965615648161819,95,266,2017-09-09,0
CUST261,21,F,London,963,86.96647538645851,28,114,2021-07-16,1
CUST262,30,M,Paris,2500,6.306431538745236,45,198,2023-09-08,1
CUST263,40,F,Berlin,2570,37.514509526103424,43,285,2015-09-13,1
CUST264,50,F,London,525,233.70368527228695,14,441,2023-06-21,0
CUST265,35,F,Paris,1563,146.6959600946031,11,289,2024-03-31,0
CUST266,44,F,London,2341,193.365953499284,42,73,2016-08-18,0
CUST267,43,M,Paris,1332,71.73246581902288,48,339,2019-01-26,0
CUST268,58,F,New York,186,38.26483861345772,34,381,2021-08-22,1
CUST269,48,M,New York,2135,184.44104529719206,89,161,2015-08-01,0
CUST270,31,F,New York,2036,48.13812181104465,91,352,2023-01-02,0
CUST271,27,F,London,2951,60.97514802690307,89,227,2017-12-19,0
CUST272,55,F,London,615,159.59686024207028,78,10,2019-12-01,0
CUST273,42,M,New York,1632,93.76527256524984,98,332,2021-10-07,1
CUST274,36,F,London,1808,22.861346970224133,25,99,2022-02-02,1
CUST275,23,F,Paris,2719,49.84157611532349,17,235,2019-07-07,0
CUST276,66,M,London,3050,44.11875749736984,20,353,2020-06-05,1
CUST277,19,F,New York,3396,142.76764785218074,22,123,2022-07-07,0
CUST278,43,M,New York,1637,47.46048825960815,6,473,2023-01-29,1
CUST279,35,F,London,2135,107.05399642407296,91,10,2017-02-11,1
CUST280,51,M,New York,2369,57.42163615784869,95,160,2016-07-27,0
CUST281,56,F,New York,175,198.71168060982617,33,384,2022-07-21,0
CUST282,59,F,London,1290,105.77431781451394,82,433,2017-11-16,1
CUST283,25,F,London,1412,201.4425961183792,37,303,2023-01-06,0
CUST284,19,M,Paris,291,72.45992926790069,49,219,2024-10-05,1
CUST285,61,F,Paris,2025,15.343631830307386,83,412,2015-10-03,1
CUST286,46,F,Paris,1537,126.9079993940674,87,81,2024-04-19,1
CUST287,55,F,New York,2628,161.23702630961108,47,357,2018-02-08,1
CUST288,27,M,London,3221,106.10870539386772,60,216,2023-03-29,1
CUST289,22,F,Paris,2599,251.92872721624022,56,274,2020-06-18,0
CUST290,23,F,Paris,1981,107.09021074379133,79,201,2022-05-16,1
CUST291,51,M,Berlin,218,111.96732279627206,48,71,2021-08-31,1
CUST292,32,F,London,2241,19.568995275305596,55,272,2023-04-27,1
CUST293,66,F,Berlin,3220,161.518159557013,12,148,2018-10-24,1
CUST294,56,F,Paris,3476,148.76684434952963,73,398,2015-11-24,1
CUST295,23,M,Berlin,2592,22.863408811437957,61,483,2021-05-22,1
CUST296,29,F,New York,2414,7.950465280621591,32,463,2023-02-24,1
CUST297,50,F,Paris,993,136.54299386515456,76,290,2024-04-14,1
CUST298,52,M,Berlin,2359,146.2864738523735,67,316,2024-11-12,0
CUST299,22,F,London,569,84.84235405236878,88,226,2019-04-18,0
CUST300,36,M,Berlin,1523,75.29298999067623,31,393,2020-03-31,1
CUST301,35,M,Paris,461,88.07695876848778,94,149,2022-07-09,0
CUST302,31,F,London,1392,176.71433218986442,77,257,2022-07-05,0
CUST303,64,M,New York,3229,102.3482434069918,42,340,2022-06-13,0
CUST304,68,F,London,346,31.656759755420794,11,135,2017-11-26,1
CUST305,34,F,New York,2129,50.09366355356691,9,149,2024-07-07,0
CUST306,38,M,Berlin,267,18.708322345615965,25,321,2020-01-04,1
CUST307,38,M,Berlin,2313,133.38804854719407,41,209,2020-01-28,1
CUST308,33,M,London,3340,42.15868510915542,38,176,2019-07-04,0
CUST309,40,M,New York,3308,226.5789735783196,5,357,2023-09-17,1
CUST310,52,M,New York,1043,37.467649284686004,48,477,2023-05-12,1
CUST311,64,M,London,110,210.11494864567965,61,355,2024-12-16,1
CUST312,31,M,London,369,267.24450676524197,2,428,2018-07-28,0
CUST313,18,F,Paris,3577,140.29721374139527,30,26,2021-05-13,1
CUST314,45,F,Berlin,3392,63.72355706074869,74,262,2016-04-26,0
CUST315,65,M,New York,982,34.61072147331535,59,352,2018-12-08,1
CUST316,55,M,Berlin,2762,89.39740236691334,68,150,2019-02-03,1
CUST317,20,M,London,2867,79.06715632047624,59,133,2017-01-28,0
CUST318,41,M,New York,3102,92.18510152250492,71,342,2024-11-22,1
CUST319,47,F,Berlin,2823,183.10799189180227,93,24,2015-06-07,1
CUST320,48,F,Paris,3099,103.6561226748967,10,204,2016-06-16,0
CUST321,30,M,London,3605,126.70325161559923,70,411,2016-07-19,0
CUST322,34,F,New York,901,104.15192652550923,35,246,2015-10-15,0
CUST323,26,F,Berlin,1148,143.37360105700395,17,436,2018-12-05,0
CUST324,51,M,New York,1863,109.25508956916003,5,159,2017-04-09,0
CUST325,21,M,London,403,7.464035433250508,72,201,2024-07-11,1
CUST326,60,M,Paris,2634,226.0183273104976,42,275,2016-09-10,0
CUST327,49,M,London,3474,111.90320927707542,97,22,2021-03-24,0
CUST328,58,F,London,3080,77.87449351771397,53,428,2019-10-31,0
CUST329,29,M,London,2041,25.2269237930017,21,285,2021-09-11,1
CUST330,63,M,New York,1341,84.6334669266133,45,470,2024-01-16,0
CUST331,41,F,London,2009,8.079578490040024,17,420,2015-10-21,1
CUST332,22,M,Berlin,1116,167.67718191502527,2,449,2024-10-20,1
CUST333,63,F,Paris,2694,80.33469534210826,70,140,2016-11-25,0
CUST334,51,M,Paris,3606,24.112375200227277,54,470,2016-12-16,0
CUST335,52,F,Berlin,3211,135.1229343900613,82,99,2016-08-12,0
CUST336,42,M,New York,754,54.472354852602265,30,359,2019-05-27,0
CUST337,50,M,Berlin,1757,128.732137996649,27,175,2016-06-27,1
CUST338,30,F,New York,2380,113.45079238460092,11,20,2018-10-02,0
CUST339,28,F,London,42,10.016702531688379,90,369,2019-03-26,0
CUST340,61,F,New York,650,113.25954917046472,39,176,2018-01-22,1
CUST341,21,M,Berlin,1379,54.88261650667471,63,16,2023-10-12,0
CUST342,22,M,Berlin,3089,153.18157119094175,75,401,2023-03-30,1
CUST343,46,F,New York,2353,213.49993437482993,71,89,2020-04-20,0
CUST344,52,M,New York,371,130.59454865990998,94,36,2020-10-09,1
CUST345,26,M,New York,1095,17.65230577230743,50,286,2015-11-05,1
CUST346,39,F,New York,2866,142.5455014034127,62,343,2022-12-28,1
CUST347,28,F,London,3060,167.75818659859635,88,322,2018-12-17,0
CUST348,28,M,Berlin,2147,126.00208666426344,18,220,2023-11-02,0
CUST349,31,F,London,3208,193.77326918208536,2,117,2024-08-06,1
CUST350,54,F,London,719,75.21466202983439,25,151,2020-09-25,1
CUST351,63,F,Paris,490,56.34175471864127,97,388,2020-01-23,1
CUST352,18,F,Paris,1338,94.807989702283,23,460,2020-12-29,0
CUST353,34,M,Berlin,2383,90.0938738383527,16,165,2024-09-21,0
CUST354,51,F,London,2540,69.53913317929951,39,36,2018-04-28,1
CUST355,60,M,London,406,73.7669283962087,38,204,2018-12-19,0
CUST356,48,M,Paris,746,58.047451553012294,65,96,2022-07-24,0
CUST357,19,F,Berlin,2628,47.82745158956726,19,240,2022-02-11,0
CUST358,55,F,Paris,3193,17.126457789089784,2,62,2016-08-08,0
CUST359,45,F,New York,723,271.89469064989964,59,399,2018-04-12,0
CUST360,20,F,London,1234,122.63696211703142,24,498,2016-05-21,1
CUST361,45,F,Berlin,546,97.38332969881641,6,400,2015-02-02,1
CUST362,31,F,London,1789,131.2699073810762,15,477,2017-05-10,1
CUST363,31,M,Berlin,2646,171.4658562026509,97,476,2020-12-21,0
CUST364,51,F,Berlin,3091,113.17958617670828,51,277,2019-09-18,1
CUST365,67,M,Paris,2363,120.26986860864362,54,291,2020-04-16,1
CUST366,51,M,London,2463,75.21650820190804,9,104,2023-04-03,1
CUST367,31,F,London,3040,178.3587907088056,44,186,2015-01-29,1
CUST368,67,F,New York,1657,51.26914627832668,3,317,2024-04-08,1
CUST369,26,M,New York,435,36.49997711399223,49,99,2019-12-07,0
CUST370,19,F,Berlin,330,25.22521539349033,42,82,2018-01-21,0
CUST371,24,M,New York,2117,106.04716554396174,16,17,2023-11-11,0
CUST372,60,M,New York,3552,20.053123055929575,24,106,2024-09-30,1
CUST373,63,F,London,1055,55.28736886000818,16,478,2019-09-29,1
CUST374,66,F,New York,1301,96.54350095652242,61,358,2018-09-27,0
CUST375,37,M,Berlin,410,182.9860718472484,47,80,2016-10-30,1
CUST376,46,M,Berlin,3316,79.09685914994552,99,232,2021-08-26,0
CUST377,29,F,Berlin,560,268.16278658123156,57,60,2024-10-30,0
CUST378,61,F,New York,1102,81.5957334822606,31,22,2024-10-14,0
CUST379,22,F,Paris,677,178.3234796619172,12,77,2022-09-05,1
CUST380,25,M,New York,373,63.20603556885575,52,114,2022-03-27,1
CUST381,59,M,London,2974,108.23808893082223,15,191,2021-09-19,0
CUST382,67,M,Paris,319,32.88744453590222,91,255,2024-05-31,0
CUST383,66,M,Paris,407,31.221411793531757,35,233,2017-07-30,1
CUST384,48,M,London,2657,120.8574083074864,71,448,2020-02-15,1
CUST385,64,M,Paris,1867,65.80637599154525,77,171,2023-12-18,1
CUST386,19,M,Berlin,522,49.625468942100845,86,316,2017-10-01,1
CUST387,64,M,London,1580,55.30523239808207,99,185,2020-09-21,1
CUST388,28,M,Berlin,2220,58.71094040812379,19,446,2024-09-08,1
CUST389,38,M,Paris,360,49.52423455178781,49,269,2015-01-15,1
CUST390,37,F,London,1096,151.03978378891767,63,488,2020-05-31,1
CUST391,69,F,Berlin,1402,158.01100517530884,54,454,2017-01-21,1
CUST392,57,F,New York,1212,119.76537850773734,96,322,2020-02-14,1
CUST393,24,M,New York,1447,129.86523765969653,26,275,2017-09-05,1
CUST394,49,F,Berlin,2032,133.68002714473099,31,342,2017-11-27,1
CUST395,22,F,Paris,1306,10.13019691006632,60,462,2016-07-15,1
CUST396,33,M,Paris,1430,136.64852878067123,59,343,2024-06-16,1
CUST397,55,F,Berlin,424,37.198793233829136,92,62,2023-01-10,0
CUST398,25,M,London,2420,176.34506492226265,11,194,2019-09-01,1
CUST399,23,F,New York,2340,62.4577215493226,9,417,2024-07-01,0
CUST400,28,M,Berlin,2752,105.1586403623925,90,219,2020-04-09,0
CUST401,18,M,New York,2478,142.94522089318127,18,94,2024-02-16,1
CUST402,68,M,Berlin,2266,142.77133244132477,51,311,2015-11-22,1
CUST403,47,F,Paris,2354,171.92580346557045,6,367,2015-07-01,0
CUST404,51,M,New York,745,136.8148405580811,48,60,2016-06-16,0
CUST405,57,M,London,1699,24.29208611596016,70,395,2023-10-18,0
CUST406,56,F,Paris,2745,72.84337196950135,45,166,2017-01-18,1
CUST407,21,M,London,157,312.996221697122,75,370,2015-09-25,1
CUST408,27,M,Berlin,2616,87.61822723292327,19,21,2022-06-05,0
CUST409,29,M,Berlin,2228,51.821534922488425,24,325,2018-06-19,0
CUST410,33,F,Berlin,1621,161.01089434459084,74,316,2023-07-01,0
CUST411,46,F,New York,2972,194.4185161462736,80,204,2019-02-17,1
CUST412,52,M,New York,1652,78.26150032168707,36,234,2020-12-10,0
CUST413,23,F,Paris,2367,64.9096688017676,42,115,2016-11-11,1
CUST414,43,F,Berlin,2905,121.03267704594252,16,161,2022-11-03,1
CUST415,61,F,Paris,3381,84.7365387050768,50,60,2015-07-05,0
CUST416,68,M,Berlin,256,26.11623198073619,65,131,2015-05-25,0
CUST417,42,M,Paris,2984,56.73944077952252,35,305,2021-09-17,1
CUST418,55,M,New York,3331,265.3757738989913,73,387,2023-05-07,1
CUST419,54,M,London,1317,176.19253394594324,51,328,2020-07-12,1
CUST420,29,M,Berlin,3161,79.26845915300518,81,195,2021-04-16,1
CUST421,44,M,New York,2797,54.82192159914384,80,275,2015-08-19,0
CUST422,68,M,London,1287,232.974981267265,9,325,2016-11-16,0
CUST423,42,M,Berlin,3562,171.36960599612084,66,137,2024-03-25,0
CUST424,48,M,London,461,125.05873886086414,52,241,2024-02-05,1
CUST425,25,M,London,3210,44.87504391336998,32,293,2020-12-21,1
CUST426,22,F,Berlin,1854,161.48318408262716,82,208,2018-06-15,1
CUST427,52,F,Paris,1571,71.25189783017868,19,436,2024-06-21,1
CUST428,44,F,Berlin,1836,145.08200255653222,48,145,2015-02-17,1
CUST429,43,M,New York,3043,137.65670705162844,85,330,2015-08-22,0
CUST430,21,M,New York,1964,27.597491874795406,60,206,2022-02-14,1
CUST431,31,M,New York,1191,78.93003119907252,62,56,2024-04-04,0
CUST432,22,M,Paris,1427,55.60821262642519,37,433,2020-11-15,1
CUST433,61,F,Berlin,2914,35.50528834459837,27,377,2021-04-01,0
CUST434,49,M,New York,2292,126.4003618955612,56,386,2016-05-06,1
CUST435,64,F,London,2405,81.182621771852,48,164,2019-10-25,0
CUST436,68,F,London,804,147.18485161633896,26,395,2022-05-25,1
CUST437,23,F,Paris,3260,122.71522461425496,87,197,2023-06-27,1
CUST438,69,M,London,2479,16.951074984748598,81,388,2017-10-25,1
CUST439,66,M,New York,710,86.50255499959624,42,40,2022-10-30,1
CUST440,45,M,Berlin,3485,21.36230030069666,15,421,2021-03-24,0
CUST441,52,F,New York,2611,61.98421950745225,52,356,2019-12-16,1
CUST442,60,F,New York,709,282.56319206010375,43,81,2016-05-04,1
CUST443,29,F,Berlin,2143,13.0988514339921,53,29,2019-11-18,0
CUST444,24,M,London,213,100.27777467958143,95,146,2020-01-03,1
CUST445,62,M,Paris,538,93.62184388973101,65,400,2017-03-15,1
CUST446,52,F,Berlin,3430,77.88254751193162,46,218,2024-07-04,0
CUST447,50,F,London,1157,235.38494173846104,38,229,2019-09-18,0
CUST448,51,F,London,650,56.022148070966196,25,448,2016-06-01,0
CUST449,68,F,New York,2320,95.39060949814443,4,190,2019-12-09,1
CUST450,18,F,Paris,2504,131.3280606332964,60,357,2017-04-12,1
CUST451,56,F,London,1283,18.77697013605804,75,166,2015-10-07,0
CUST452,50,F,Paris,3037,184.37143112163318,91,379,2015-02-15,1
CUST453,47,F,Paris,2462,14.521163685192096,67,317,2024-05-24,1
CUST454,20,F,London,1769,28.535928867542147,47,333,2024-07-17,1
CUST455,22,F,New York,3264,182.87189232950308,99,213,2015-07-22,1
CUST456,44,M,New York,2966,133.35896994752267,84,251,2021-05-23,1
CUST457,38,F,Berlin,749,195.02713757602885,38,484,2022-01-12,0
CUST458,36,M,Paris,1682,150.20427196569798,18,110,2015-03-22,1
CUST459,21,M,London,2428,52.303497280218046,13,105,2016-09-07,0
CUST460,61,F,New York,905,33.88755506946888,87,298,2018-01-02,1
CUST461,18,M,London,2502,145.75313453279023,24,80,2021-10-10,0
CUST462,69,F,Paris,1797,170.146066226878,48,476,2017-04-16,1
CUST463,60,M,Paris,911,87.05861918471055,9,36,2019-03-11,1
CUST464,25,F,Berlin,1877,137.71796175444538,4,374,2017-04-07,0
CUST465,34,F,Paris,2508,118.82902625869905,38,442,2019-11-20,1
CUST466,50,F,Paris,241,234.57858117669653,48,309,2023-01-15,1
CUST467,25,F,London,271,42.11406652535129,80,413,2017-02-28,1
CUST468,53,F,London,1762,45.94460277859238,91,164,2024-12-30,0
CUST469,49,F,London,1989,99.21289109007037,52,232,2021-10-17,0
CUST470,62,F,Berlin,868,75.07202405415268,16,364,2018-02-07,0
CUST471,57,M,Paris,3370,149.37257892085594,97,97,2018-10-16,1
CUST472,66,F,Berlin,1556,130.27927277593832,71,267,2023-11-07,0
CUST473,27,M,New York,3592,211.18225274555172,63,249,2016-06-13,0
CUST474,43,M,Paris,1651,159.01767332395394,52,33,2024-06-04,0
CUST475,50,M,New York,1939,16.08125988068976,41,306,2023-04-01,0
CUST476,57,M,New York,3496,54.40936292560663,29,425,2019-01-03,0
CUST477,48,M,London,3376,20.51934660385688,15,329,2022-05-21,1
CUST478,39,F,London,3304,172.40022822130794,82,359,2019-05-04,0
CUST479,35,M,New York,293,169.50426554846365,56,353,2019-06-19,1
CUST480,23,F,New York,2064,164.00543809145432,40,44,2024-10-08,0
CUST481,29,F,New York,837,108.48665498599152,77,384,2016-04-04,1
CUST482,54,F,Paris,1702,51.752711723243635,88,336,2020-01-01,0
CUST483,58,F,Berlin,1551,66.98807363485069,86,383,2019-11-09,1
CUST484,54,M,Paris,1237,29.02824481953657,24,149,2017-06-01,0
CUST485,66,F,Berlin,1259,65.34961269795346,26,182,2022-12-28,1
CUST486,23,F,New York,3573,97.67043260357349,60,159,2018-01-16,1
CUST487,41,F,London,2137,94.35281568788643,63,124,2024-11-08,1
CUST488,64,F,Paris,1751,60.81777372750024,40,180,2020-04-18,1
CUST489,46,M,Berlin,801,60.27586749755912,66,166,2024-11-16,0
CUST490,30,F,London,3188,79.98895139006054,12,64,2018-12-04,0
CUST491,23,M,Paris,1521,141.3517528982286,15,353,2015-11-14,0
CUST492,23,F,London,2179,155.34462827234213,97,88,2020-07-02,1
CUST493,18,M,London,328,73.01463689123482,23,290,2022-09-15,1
CUST494,29,M,New York,2767,127.26278102426834,16,194,2022-09-26,1
CUST495,32,F,New York,2177,28.123952488530467,13,122,2015-03-11,1
CUST496,52,F,Berlin,1464,115.62647968103308,63,389,2019-12-18,0
CUST497,31,F,Paris,2933,179.38950031677447,47,152,2017-03-22,0
CUST498,58,F,Paris,473,105.70605470569268,45,492,2022-05-26,0
CUST499,50,M,New York,129,68.28215581936185,4,315,2022-02-22,1
CUST500,64,M,Paris,1293,87.34169598534325,15,215,2018-06-09,0
CUST501,26,F,Berlin,3528,53.99939508310446,75,73,2024-10-26,1
CUST502,46,F,Berlin,2957,164.50721662438198,88,315,2015-05-19,0
CUST503,61,F,London,692,37.72580950421307,12,428,2015-09-22,1
CUST504,22,M,Berlin,3488,114.49451560517076,81,187,2015-05-17,1
CUST505,49,M,Berlin,2484,102.89213673373851,42,194,2020-05-31,0
CUST506,32,F,New York,613,27.362945565574805,79,267,2019-07-04,1
CUST507,20,M,New York,3240,134.23236237364586,92,211,2024-08-24,1
CUST508,68,F,New York,491,40.84311434317864,25,93,2015-12-11,0
CUST509,58,F,New York,869,38.72013755180575,77,437,2022-10-13,0
CUST510,60,M,Berlin,1042,12.321167182346352,32,383,2024-02-09,1
CUST511,34,F,Paris,3080,119.68718310678898,11,227,2021-09-27,1
CUST512,58,M,New York,503,57.448783683802674,58,463,2017-01-16,0
CUST513,18,M,New York,621,124.45824830105707,10,133,2017-08-18,1
CUST514,68,M,London,1904,163.9820095915974,73,291,2020-03-05,1
CUST515,49,M,Berlin,3450,186.12860889709967,47,334,2018-03-06,1
CUST516,30,F,New York,2239,58.35588744729932,50,416,2023-06-09,1
CUST517,19,F,Berlin,591,56.83019727912247,32,379,2022-02-16,1
CUST518,23,F,New York,2517,37.19734927457476,30,458,2018-08-19,0
CUST519,37,F,New York,1190,410.1593408629375,43,347,2021-12-18,0
CUST520,45,M,New York,429,106.563313273234,15,381,2018-07-05,1
CUST521,51,M,Berlin,421,25.931914655683585,81,468,2018-12-17,0
CUST522,64,F,New York,416,122.77563181647409,49,406,2015-11-27,1
CUST523,60,M,New York,1934,32.92999487683785,43,350,2023-03-22,0
CUST524,69,M,London,2040,28.364596845843025,99,218,2019-02-22,1
CUST525,44,M,Berlin,826,134.27812514192408,31,90,2021-04-26,1
CUST526,26,F,New York,1003,51.082764116569855,19,15,2021-02-05,0
CUST527,38,M,New York,3532,52.70607670459104,58,397,2016-03-18,0
CUST528,27,M,Berlin,1912,47.408734589257314,42,261,2023-03-08,0
CUST529,67,M,Berlin,120,227.5108493753286,60,329,2015-01-25,1
CUST530,20,F,Berlin,2814,305.2341553645737,2,393,2015-05-21,0
CUST531,25,M,Berlin,223,83.34057278980933,89,191,2020-09-29,1
CUST532,51,M,Paris,996,131.62528205942556,62,454,2016-02-06,1
CUST533,42,F,New York,3423,97.85927491110013,92,422,2021-04-04,0
CUST534,66,F,Berlin,2798,18.34446950683633,3,97,2016-09-28,1
CUST535,41,M,London,3510,69.09924705277031,7,205,2023-07-26,0
CUST536,52,M,Berlin,3350,48.770858012192186,89,379,2021-03-19,0
CUST537,18,F,New York,94,33.39558340142516,68,98,2017-11-04,1
CUST538,68,M,Berlin,2392,43.822558962552975,58,84,2017-07-13,0
CUST539,50,M,New York,1704,77.86086627208726,57,20,2019-12-24,1
CUST540,50,F,London,3643,30.24734963531807,76,237,2017-10-18,0
CUST541,44,F,London,1221,26.336565019067514,16,364,2017-02-11,1
CUST542,28,M,Paris,974,337.0542109976906,25,196,2020-11-22,1
CUST543,61,M,New York,3071,65.7091346314132,14,117,2020-03-04,1
CUST544,29,M,Paris,3466,129.86774435720736,90,289,2022-04-06,0
CUST545,24,M,New York,2298,121.38623711657091,46,72,2023-04-08,1
CUST546,37,F,Paris,2121,86.84551217705506,82,398,2021-05-27,0
CUST547,26,F,New York,733,41.520867864112965,55,333,2021-12-04,1
CUST548,64,F,London,817,122.14068416963053,26,89,2024-08-14,0
CUST549,63,F,New York,1914,122.92535450346045,88,94,2015-02-19,0
CUST550,46,M,London,2526,170.10389467679252,84,206,2016-10-19,0
CUST551,26,M,London,1901,16.01134366499286,10,322,2024-08-08,1
CUST552,18,M,New York,2827,64.54793515436276,79,146,2017-11-03,0
CUST553,38,F,Paris,2514,49.415976399989276,43,452,2019-03-10,1
CUST554,47,F,New York,1000,139.17309083451957,32,488,2023-03-22,1
CUST555,67,M,New York,2361,131.53759122670365,45,233,2024-09-30,0
CUST556,37,M,London,3201,68.6263942310507,88,145,2023-09-01,1
CUST557,41,F,London,3167,35.508117699441534,14,28,2016-03-25,1
CUST558,64,F,Berlin,101,200.88898832964333,70,12,2024-03-17,1
CUST559,24,F,Berlin,1191,74.76797506108096,86,45,2020-11-08,1
CUST560,68,F,Berlin,3626,103.84355583588946,38,61,2023-08-05,1
CUST561,39,F,New York,1967,122.894236484653,5,93,2022-10-09,0
CUST562,25,M,Paris,622,90.21286333148836,70,176,2017-05-14,1
CUST563,22,F,London,1669,40.987382856763446,7,298,2024-01-20,1
CUST564,20,M,London,2539,140.01846212462493,67,430,2018-10-21,1
CUST565,58,M,Berlin,2739,161.87062849941023,25,400,2015-11-04,1
CUST566,30,M,London,182,43.50950205232434,64,457,2024-05-05,0
CUST567,55,M,Paris,322,93.79874836681827,73,391,2021-11-07,0
CUST568,25,F,Berlin,722,101.36727796123066,69,43,2016-12-14,0
CUST569,56,F,New York,2375,28.955141693878144,71,169,2017-01-12,1
CUST570,62,M,New York,2679,61.89540967743682,96,165,2016-11-13,1
CUST571,29,F,New York,802,210.84721182578593,86,379,2023-07-21,1
CUST572,54,F,New York,2657,51.08025169707238,32,41,2016-10-28,1
CUST573,64,M,Paris,495,53.940095448803724,93,74,2024-10-30,1
CUST574,47,F,New York,1916,69.38073935817411,28,260,2019-05-24,1
CUST575,60,M,Paris,2952,68.1103084058313,78,415,2020-11-10,1
CUST576,33,M,London,2372,142.71690645068568,22,311,2020-01-30,1
CUST577,28,F,London,1921,61.402987234659236,76,15,2022-04-13,0
CUST578,57,M,New York,2643,97.1674833752541,67,92,2021-01-15,1
CUST579,32,F,Berlin,2105,76.39666966528833,16,362,2022-04-29,1
CUST580,61,F,Paris,3076,56.322732428042656,71,169,2023-04-03,1
CUST581,45,F,New York,99,40.84879496795588,96,85,2016-07-02,1
CUST582,24,F,Paris,855,107.34283784070766,1,29,2015-08-18,0
CUST583,44,F,Berlin,2710,39.3804202674274,49,119,2016-02-16,1
CUST584,21,M,London,1441,134.77555513375015,4,167,2018-12-22,0
CUST585,45,F,London,2951,120.72558051822055,9,284,2023-08-16,1
CUST586,49,F,New York,2024,64.4119157923892,2,352,2023-05-24,1
CUST587,49,F,Paris,2320,60.24531199164767,77,216,2023-03-30,0
CUST588,18,F,Paris,1593,124.6275813689963,92,119,2023-04-18,1
CUST589,34,F,Berlin,3011,51.38981760366739,25,244,2016-07-12,1
CUST590,67,M,London,1698,113.9378707130114,79,407,2022-11-12,0
CUST591,67,F,New York,2588,96.23100079317976,63,467,2022-10-20,0
CUST592,67,F,New York,367,148.45505870179005,40,498,2022-06-17,1
CUST593,45,M,Berlin,2292,95.57030903002149,54,491,2024-07-04,0
CUST594,54,F,London,3587,24.78901284535096,33,290,2016-02-25,0
CUST595,36,F,Paris,281,107.8903328954218,19,78,2017-11-10,0
CUST596,29,F,Paris,1873,93.09266643417229,75,161,2020-02-13,0
CUST597,48,M,London,780,218.63933892144357,16,152,2015-12-11,1
CUST598,40,F,Paris,617,125.39739738735823,68,285,2024-08-19,0
CUST599,52,F,Berlin,3465,57.907704810505265,12,117,2015-11-26,1
CUST600,60,F,Paris,2890,125.53287744123907,66,21,2015-07-22,1
CUST601,46,F,New York,2405,193.2620416445189,52,109,2016-10-24,0
CUST602,33,F,Paris,333,126.57049045244312,60,80,2023-11-16,0
CUST603,24,F,New York,1497,147.72061380641148,59,24,2022-03-22,1
CUST604,53,M,Berlin,3075,49.15786353524492,19,27,2023-02-19,0
CUST605,30,M,Paris,1697,14.398752863862013,59,161,2021-08-08,0
CUST606,38,F,London,803,21.236919250757904,68,340,2016-02-20,0
CUST607,33,M,New York,588,66.34021734474516,70,364,2015-10-17,1
CUST608,23,M,London,1183,230.3021615657779,11,252,2015-03-13,0
CUST609,24,F,New York,1827,283.60626340689333,78,205,2018-01-29,1
CUST610,58,M,Paris,2267,242.93119141713487,2,422,2021-06-28,0
CUST611,41,F,London,2486,143.3357190272649,40,148,2019-03-14,0
CUST612,43,M,Paris,1345,129.85804621612638,95,450,2017-11-11,0
CUST613,27,F,New York,1769,67.52796226787432,27,184,2024-05-19,1
CUST614,58,M,New York,3267,107.29021973258459,89,208,2019-10-09,0
CUST615,50,F,Paris,3389,37.97363263048882,37,487,2019-11-14,0
CUST616,24,F,New York,805,164.4404351698493,18,128,2017-04-17,1
CUST617,69,F,New York,619,32.9055855952227,38,410,2017-04-07,0
CUST618,42,M,Berlin,242,181.51364852306418,41,231,2023-02-10,1
CUST619,69,F,Paris,386,149.29253918325855,4,361,2016-07-23,1
CUST620,25,M,Paris,168,117.64976004717657,75,419,2023-12-27,1
CUST621,60,M,New York,2056,98.13108465609407,9,349,2015-05-31,0
CUST622,66,M,New York,2747,89.36836950343191,89,227,2017-12-15,0
CUST623,34,M,New York,1842,113.64327465175863,53,160,2016-06-02,0
CUST624,54,F,Berlin,2136,107.69957077722685,69,162,2023-08-26,0
CUST625,37,F,London,2776,109.97573361433983,4,26,2016-02-03,0
CUST626,62,M,London,1680,47.63881344836002,65,128,2023-05-21,0
CUST627,37,F,Paris,2686,33.877326150865414,57,113,2020-12-29,1
CUST628,53,M,New York,2481,196.9102523393208,2,454,2019-03-28,0
CUST629,34,F,London,1818,58.03395281302506,95,312,2016-09-15,0
CUST630,69,F,Berlin,3260,64.19018409395846,80,473,2021-03-22,0
CUST631,52,F,Berlin,1578,49.50903270318449,97,355,2021-01-18,1
CUST632,49,F,London,1996,141.84610230505052,93,464,2015-01-28,1
CUST633,41,M,London,2429,104.5878798540548,78,29,2018-09-01,1
CUST634,25,M,London,1921,112.96420527350624,24,179,2021-11-28,0
CUST635,40,F,Paris,2204,173.87351600766058,33,81,2019-04-14,0
CUST636,49,F,Paris,1846,31.075865924696437,94,289,2015-03-05,1
CUST637,43,F,London,3559,99.58593783379949,8,186,2018-05-18,1
CUST638,61,M,New York,2778,91.8906285881522,79,452,2020-01-23,0
CUST639,31,M,London,1695,28.061663855216914,26,181,2017-12-24,1
CUST640,33,M,Berlin,2287,157.98120288114015,13,293,2016-01-20,0
CUST641,42,F,Paris,1223,98.03822139352447,14,370,2020-09-06,1
CUST642,39,F,Paris,1030,37.882024086884556,35,309,2016-09-10,0
CUST643,25,F,London,719,55.20166404578293,61,367,2022-09-25,0
CUST644,49,M,London,3348,44.06829737787998,73,136,2021-06-28,1
CUST645,39,F,Berlin,1411,105.07037478093733,65,421,2022-10-27,0
CUST646,31,M,Berlin,1782,94.91560697725527,40,438,2018-01-16,0
CUST647,32,M,London,1178,84.36624262507355,59,136,2018-12-27,0
CUST648,65,F,Paris,1256,115.31862134776382,54,28,2024-11-03,0
CUST649,36,F,London,1425,150.99686468572543,47,369,2023-02-12,0
CUST650,43,F,Paris,1618,113.84369778661308,19,233,2016-06-11,1
CUST651,25,M,Paris,501,166.21592318056523,45,305,2022-05-03,0
CUST652,23,M,Berlin,1328,100.64373427988713,3,325,2019-11-02,1
CUST653,61,M,London,867,23.034868982892593,16,246,2015-12-27,1
CUST654,34,M,Paris,2089,168.7385322977132,61,254,2019-05-13,1
CUST655,52,M,Paris,2075,82.95684244351244,49,178,2019-12-12,1
CUST656,21,F,Paris,1116,27.705024372697146,70,243,2016-04-03,0
CUST657,29,F,Berlin,3363,49.762840992136844,45,366,2024-11-08,1
CUST658,36,F,London,3576,76.92864558280525,69,350,2019-05-10,1
CUST659,30,F,Berlin,255,52.35827373261094,7,154,2020-07-12,0
CUST660,67,M,Berlin,452,125.89456369894604,89,127,2021-11-20,0
CUST661,27,F,Paris,2638,176.5499277773175,5,427,2022-05-06,0
CUST662,23,M,New York,636,244.61263981954903,50,263,2024-07-26,0
CUST663,55,M,Paris,2182,103.14401198621435,88,104,2022-04-10,0
CUST664,37,F,Paris,2340,75.6679058602322,11,42,2015-02-18,1
CUST665,28,M,London,1910,171.22278856820742,13,213,2023-04-14,1
CUST666,55,M,London,1516,35.80942595807915,31,196,2024-12-26,0
CUST667,40,M,London,408,157.9567061321938,24,342,2022-09-27,0
CUST668,56,F,Paris,3557,183.83274327650568,47,131,2017-08-19,1
CUST669,44,F,London,3645,21.66744568078094,68,27,2018-12-04,1
CUST670,35,F,London,1082,70.37360948331798,44,205,2016-07-04,0
CUST671,56,M,Berlin,979,73.03270503081994,27,34,2022-01-17,0
CUST672,31,F,New York,643,73.76249782126959,96,155,2015-02-23,0
CUST673,46,M,Berlin,2168,188.3941749840826,21,110,2020-01-02,0
CUST674,21,F,New York,2912,333.26618577187236,33,165,2022-07-10,0
CUST675,54,M,New York,3428,176.46103805823532,60,325,2021-01-31,1
CUST676,54,F,London,3361,144.2497039053658,46,428,2020-12-12,0
CUST677,50,F,New York,1057,154.6024028351164,26,483,2020-10-15,1
CUST678,69,M,Paris,3513,36.52571929943229,31,64,2023-02-26,1
CUST679,22,M,Paris,2714,224.03508604472862,14,451,2015-04-10,0
CUST680,64,F,London,762,28.759058495151198,93,214,2016-03-24,0
CUST681,47,M,Berlin,1036,105.62333282242051,68,184,2017-11-08,0
CUST682,32,F,London,2797,85.7134691248255,61,142,2022-06-22,0
CUST683,60,F,Berlin,2244,145.93152480088835,84,455,2019-10-24,0
CUST684,42,F,New York,1753,130.62938726963097,37,247,2023-04-17,1
CUST685,53,M,London,720,96.26737488623264,47,427,2023-09-22,1
CUST686,67,F,Paris,2401,117.20406383925099,66,137,2017-10-04,0
CUST687,24,M,London,3615,37.249846551985954,69,361,2024-09-25,1
CUST688,50,M,Paris,332,274.7888774194387,7,423,2017-05-12,1
CUST689,18,M,London,308,76.91702558269917,43,97,2022-10-03,0
CUST690,30,M,Paris,1208,257.6710631424505,54,484,2024-12-05,0
CUST691,38,M,London,2028,105.05087539202887,17,467,2015-11-03,1
CUST692,32,M,Paris,1799,99.1637854197446,74,449,2020-08-09,1
CUST693,60,F,Paris,2517,136.51699169304806,51,232,2021-07-20,0
CUST694,60,F,London,2181,27.457482765997597,3,460,2019-08-31,0
CUST695,49,M,Berlin,2273,58.78006213466956,30,393,2023-04-29,1
CUST696,35,M,New York,2293,156.4373886901552,94,145,2023-04-25,1
CUST697,68,M,Paris,3406,123.26824404712329,77,299,2021-07-06,0
CUST698,48,F,Berlin,1592,87.13024523164111,75,54,2015-12-21,1
CUST699,67,M,Berlin,1981,235.1312765143572,99,341,2020-07-20,0
CUST700,30,F,Paris,582,36.29723257774125,49,48,2019-08-09,1
CUST701,68,M,Paris,1740,37.47411998020384,52,473,2015-12-23,1
CUST702,68,F,London,495,19.254007885267686,61,55,2015-03-01,0
CUST703,69,M,London,1739,138.45748848562712,78,67,2021-07-30,0
CUST704,29,F,New York,3501,9.800548300212427,29,40,2016-12-13,0
CUST705,45,M,Paris,1987,171.4445745354962,54,248,2023-07-15,1
CUST706,59,F,Paris,2150,124.61167008038944,35,182,2018-06-08,1
CUST707,46,F,New York,1506,40.23257494793679,41,253,2019-07-19,1
CUST708,46,F,Berlin,394,103.32524216182391,7,132,2021-11-15,1
CUST709,59,M,New York,2519,86.44799315001741,33,401,2024-07-13,0
CUST710,39,M,Paris,3355,174.49761868531454,53,155,2024-04-30,1
CUST711,25,M,New York,2390,3.5601267061811757,99,306,2016-08-19,1
CUST712,25,F,Paris,3248,192.20195819720436,90,20,2022-02-04,1
CUST713,54,M,London,1457,203.21614525359638,23,425,2018-09-16,0
CUST714,27,M,Berlin,1048,42.190502205278435,22,439,2019-05-20,0
CUST715,30,M,Paris,1338,32.769107226090156,95,142,2020-01-04,0
CUST716,24,F,Paris,1104,93.09992845503672,27,69,2021-10-26,0
CUST717,41,F,New York,2063,48.27358984157642,60,197,2017-09-24,1
CUST718,46,M,Paris,489,223.25485574889763,37,340,2024-02-01,0
CUST719,54,F,Paris,108,129.69401134815456,80,439,2021-11-15,0
CUST720,46,F,New York,3085,100.51859965396295,98,11,2017-10-05,0
CUST721,43,M,Berlin,346,66.26135413748445,26,485,2018-04-20,1
CUST722,50,M,Berlin,2379,53.843536450586846,86,387,2023-10-24,0
CUST723,39,M,Berlin,1575,117.7588176645373,99,142,2021-11-03,0
CUST724,20,F,New York,1041,37.450706387910714,69,278,2022-06-27,1
CUST725,25,F,Paris,1797,61.29082430096445,60,357,2015-06-27,1
CUST726,28,F,New York,3337,125.61950936775344,78,249,2023-09-24,1
CUST727,23,M,Paris,2188,52.87574502395791,35,260,2024-05-02,1
CUST728,66,F,New York,2754,70.26521145914366,1,329,2024-11-18,1
CUST729,23,F,London,1806,46.916543264305595,88,313,2022-06-08,1
CUST730,62,M,New York,1391,11.185533454193024,19,363,2017-10-04,0
CUST731,25,F,Berlin,257,139.35888964940239,14,332,2022-03-01,0
CUST732,62,F,New York,389,195.08747541664547,53,123,2017-08-07,1
CUST733,50,M,London,2060,81.3901272552638,89,395,2024-10-24,1
CUST734,38,F,New York,3165,105.82284212375286,62,40,2017-09-01,0
CUST735,56,F,Berlin,60,100.6845454630709,69,399,2017-07-31,1
CUST736,51,M,Berlin,990,74.1291370815844,4,239,2021-05-20,0
CUST737,43,M,New York,2174,87.11485401839985,61,461,2015-08-04,0
CUST738,46,F,New York,1845,31.600360181286618,96,352,2021-09-24,1
CUST739,49,F,Paris,3309,274.906011885045,91,88,2017-03-29,1
CUST740,32,M,Paris,2395,14.45816720074269,86,165,2019-02-22,1
CUST741,42,M,Paris,3274,54.09902082261334,1,254,2016-04-14,1
CUST742,44,F,Paris,1982,284.5022925308505,7,319,2020-04-07,1
CUST743,64,F,London,2592,75.07652056604994,56,224,2023-06-15,1
CUST744,25,M,Berlin,1188,102.47571339497263,7,238,2022-03-16,0
CUST745,53,M,London,2737,9.823583657125438,45,331,2022-10-10,0
CUST746,34,M,London,2386,18.24623748637953,98,233,2020-03-18,1
CUST747,39,F,Berlin,2143,135.19820752447146,48,254,2015-01-29,1
CUST748,37,M,Berlin,1373,101.72359056470893,27,272,2019-09-23,1
CUST749,68,M,Paris,1524,52.22212770639831,45,120,2015-09-10,1
CUST750,67,M,Paris,1179,49.16165307162587,56,68,2023-02-09,0
CUST751,41,M,New York,3291,20.47092345933758,60,131,2015-11-02,1
CUST752,59,F,New York,165,31.630539001862513,89,292,2021-04-05,1
CUST753,56,M,Paris,312,93.89032245162306,93,266,2023-01-11,0
CUST754,38,F,Paris,3451,219.5225829238792,26,145,2024-11-02,1
CUST755,43,M,New York,1592,123.73760278091292,62,61,2018-01-11,1
CUST756,46,F,Paris,1819,122.71955673385109,50,191,2022-11-25,0
CUST757,56,M,Berlin,2705,183.86472595085505,13,448,2023-11-07,1
CUST758,32,M,Paris,2673,17.467295734591005,82,59,2016-07-17,0
CUST759,42,F,Berlin,3029,21.632582388669498,29,382,2020-10-12,0
CUST760,49,F,New York,1851,45.85077685273812,58,428,2020-04-22,0
CUST761,43,F,New York,887,106.86526087758317,42,51,2016-08-14,1
CUST762,59,M,New York,2456,20.584088917977148,39,42,2018-03-06,0
CUST763,58,F,Paris,2109,82.1352747785361,28,10,2023-11-19,1
CUST764,52,F,Berlin,2521,227.1522403039463,91,165,2024-10-08,1
CUST765,65,F,London,3305,101.01063581002423,82,237,2018-03-20,1
CUST766,57,F,London,1395,91.31950749214705,31,444,2022-04-25,0
CUST767,46,F,London,1984,271.7056597225127,80,319,2022-09-18,0
CUST768,46,F,New York,3243,136.49226313863053,2,119,2022-04-05,1
CUST769,35,M,New York,179,66.48540308212966,33,244,2022-07-17,1
CUST770,69,M,New York,400,134.54225406356738,98,234,2019-05-03,1
CUST771,23,F,Paris,1063,159.47842048586293,21,335,2024-01-27,1
CUST772,50,F,London,89,64.81007682126535,88,71,2022-03-28,0
CUST773,50,F,London,1639,120.42695459269058,54,314,2020-08-01,0
CUST774,41,M,Paris,1391,34.16240694188323,58,302,2022-12-08,0
CUST775,29,M,Paris,3404,24.47912078277875,27,471,2019-07-28,0
CUST776,44,F,London,1687,120.5232701796082,9,38,2018-08-06,1
CUST777,50,F,London,3329,101.05335358595377,40,256,2020-08-12,0
CUST778,47,F,Berlin,902,140.14051940474587,86,200,2018-02-04,1
CUST779,46,F,London,941,139.25133196274263,6,184,2016-03-23,1
CUST780,49,M,London,491,103.11897517591038,31,90,2017-03-29,0
CUST781,31,M,New York,883,54.53539040145344,89,23,2018-05-01,0
CUST782,32,F,London,403,27.376776967975232,98,165,2015-01-13,0
CUST783,33,M,Berlin,1183,152.0778220735313,74,87,2023-11-25,0
CUST784,55,M,New York,115,209.84878657592515,50,83,2024-05-04,1
CUST785,59,M,London,1937,9.105546057640927,9,249,2024-06-19,1
CUST786,20,M,Paris,2567,16.40376262183544,17,357,2020-10-07,0
CUST787,27,M,New York,3513,165.37833956649862,11,176,2016-09-06,0
CUST788,46,M,Berlin,2740,175.28572266193362,18,448,2020-07-04,0
CUST789,56,F,Berlin,72,14.294566394075359,36,94,2018-02-22,0
CUST790,54,F,London,432,51.891893440395705,53,33,2017-05-29,0
CUST791,18,M,Berlin,2600,115.69064523917802,83,146,2017-11-19,1
CUST792,40,M,New York,1502,111.24103324503128,27,71,2017-03-10,0
CUST793,37,M,Berlin,2938,110.2552327498962,59,196,2022-04-22,0
CUST794,22,F,London,3485,144.6911904727444,94,168,2021-10-12,0
CUST795,54,F,New York,709,155.6213847937703,6,56,2022-08-06,0
CUST796,33,M,London,704,19.5624667113976,24,390,2018-06-04,0
CUST797,36,F,Paris,3537,215.89951719347852,97,349,2021-10-03,0
CUST798,57,F,New York,425,99.02425290657476,9,253,2020-01-31,1
CUST799,67,M,New York,1376,130.30381467812177,70,83,2018-04-26,1
CUST800,41,F,Paris,3575,143.48308674489618,73,183,2019-03-13,0
CUST801,45,M,London,3209,312.69745724960296,55,486,2015-06-12,0
CUST802,32,M,Berlin,1196,128.6457475569672,54,485,2018-07-30,1
CUST803,48,F,London,2470,29.352769300487797,97,176,2016-11-25,1
CUST804,69,M,New York,2405,88.44290371856613,58,60,2015-09-02,1
CUST805,46,F,London,2618,53.25700504734618,99,177,2024-01-09,1
CUST806,30,F,Berlin,2438,128.62016103616915,30,19,2015-02-01,1
CUST807,18,M,Paris,702,23.80706081678166,6,298,2023-10-31,1
CUST808,51,M,London,379,153.00709556139182,38,263,2024-06-24,0
CUST809,42,M,London,2309,162.5484150107257,13,91,2021-02-14,1
CUST810,19,F,New York,2018,52.92674565925398,5,451,2023-01-29,0
CUST811,35,F,Paris,3482,367.1853021868936,1,362,2022-06-01,0
CUST812,58,M,New York,1756,58.198195320290715,66,72,2021-04-19,0
CUST813,64,M,New York,3187,141.8704062698352,33,288,2023-04-02,0
CUST814,52,M,Berlin,1546,30.703032721713374,25,347,2020-06-21,0
CUST815,39,M,Berlin,291,231.58219571333473,22,269,2017-01-18,0
CUST816,24,M,London,1087,13.796373631930084,44,168,2020-09-11,0
CUST817,43,M,Paris,587,71.60164286005926,92,81,2016-02-27,1
CUST818,19,F,Paris,636,129.94950364167798,22,13,2017-06-02,0
CUST819,18,M,Berlin,3054,69.09239113476198,64,151,2024-01-03,1
CUST820,33,F,New York,3167,98.94929560803011,22,79,2017-11-29,0
CUST821,25,M,Berlin,1507,54.68916568703715,43,82,2023-08-25,1
CUST822,48,F,London,1152,102.6764088627265,74,286,2018-11-08,1
CUST823,40,M,London,1649,122.68993267934565,24,326,2015-12-20,1
CUST824,69,M,London,3427,95.99950198062467,82,328,2020-08-16,0
CUST825,64,F,Paris,2872,215.63943125617448,96,291,2020-10-11,0
CUST826,19,F,London,1373,158.64400767671768,85,419,2019-02-28,0
CUST827,41,M,London,420,30.90926175068879,33,397,2024-11-25,1
CUST828,66,F,New York,2303,140.6413807680756,71,192,2017-06-21,0
CUST829,57,M,London,2037,26.48049635061971,41,423,2023-01-13,0
CUST830,22,M,Paris,2637,89.02417699369884,45,401,2020-07-20,1
CUST831,65,M,Berlin,1900,36.95487462850801,97,426,2018-08-04,1
CUST832,46,M,Berlin,2853,101.0647057108358,7,191,2022-03-05,1
CUST833,24,F,Paris,926,59.74908270183541,56,347,2018-06-04,1
CUST834,45,M,New York,3023,38.37320300591535,52,219,2016-04-18,0
CUST835,34,M,London,497,104.64018968139948,82,336,2018-08-06,0
CUST836,29,M,Berlin,1755,64.65354078327893,19,460,2015-05-09,0
CUST837,26,F,New York,1135,64.36994657569012,93,141,2024-11-19,1
CUST838,31,M,Berlin,2711,174.91710698734047,33,59,2015-05-17,0
CUST839,53,M,Berlin,1510,58.50188963677165,10,394,2021-09-04,1
CUST840,33,F,London,588,53.48820420831826,88,20,2021-11-23,0
CUST841,51,M,New York,1071,17.88008126368692,90,438,2021-12-02,1
CUST842,65,F,Paris,2892,62.74963919251771,37,353,2020-02-19,0
CUST843,22,F,Berlin,3072,63.52245194615169,38,157,2018-01-04,1
CUST844,56,F,New York,576,92.95174205537265,73,310,2021-05-02,0
CUST845,27,F,Berlin,2872,219.24822270577016,45,172,2018-02-15,0
CUST846,19,M,London,1717,69.16111310513601,40,89,2017-05-02,1
CUST847,39,M,New York,2056,174.8683942308453,93,319,2018-10-21,1
CUST848,47,M,London,1417,46.03649889596741,43,392,2017-07-06,0
CUST849,25,F,New York,2133,211.6736126423479,70,262,2016-11-03,1
CUST850,61,M,New York,2008,113.26105854062148,30,291,2016-11-24,1
CUST851,56,M,London,862,83.11391523969236,12,211,2017-06-13,1
CUST852,31,F,Berlin,133,69.1793964937789,76,488,2018-01-11,1
CUST853,22,M,Paris,2762,52.984530923838825,24,166,2015-01-05,1
CUST854,27,F,New York,2070,51.19886527867017,22,49,2018-11-05,0
CUST855,47,F,Berlin,2728,47.16676318936399,58,353,2020-02-25,0
CUST856,37,M,New York,3616,86.5179963935708,2,416,2022-09-18,1
CUST857,38,F,Paris,2612,109.02848474217039,61,36,2017-07-18,0
CUST858,34,F,Paris,808,122.5003725708389,48,214,2020-07-07,1
CUST859,54,M,Berlin,2947,100.84104501210489,30,325,2018-01-29,0
CUST860,65,M,Paris,2904,34.65144097820036,74,52,2016-04-07,1
CUST861,49,F,Paris,208,87.46657902252083,20,446,2020-06-30,1
CUST862,33,F,New York,2006,22.479300527082607,89,406,2017-09-27,0
CUST863,19,F,New York,166,115.87076924577713,41,425,2016-01-16,0
CUST864,21,F,New York,2301,133.85392955252334,18,315,2024-08-07,1
CUST865,27,F,Berlin,2965,167.71286430605176,86,39,2018-06-18,1
CUST866,65,M,Berlin,1094,37.9287651529058,16,460,2015-06-22,1
CUST867,51,M,London,2470,16.024129920580652,34,232,2018-08-14,1
CUST868,62,M,Berlin,1746,131.6493529625537,68,318,2020-08-26,1
CUST869,64,M,London,2105,18.766287505110615,7,50,2020-11-18,0
CUST870,32,F,Berlin,1623,126.29707603258986,21,202,2017-03-06,1
CUST871,56,F,Berlin,2573,105.78651116407241,99,497,2015-08-09,1
CUST872,23,M,Paris,337,46.21777251891243,10,235,2022-09-09,1
CUST873,68,F,Berlin,1510,11.42337059555614,52,437,2024-12-12,1
CUST874,29,F,Berlin,2611,275.0167785100097,14,351,2023-08-21,0
CUST875,59,M,Paris,3482,72.28129253970386,84,448,2015-12-23,1
CUST876,61,M,New York,209,112.54794506513251,69,146,2023-06-11,1
CUST877,47,M,Berlin,2370,112.7098249487938,41,288,2019-09-09,0
CUST878,26,M,New York,1903,101.7112154474856,47,140,2018-09-13,0
CUST879,37,M,New York,2140,170.49397235369813,24,397,2018-09-18,0
CUST880,58,M,Paris,3371,148.76048514653272,47,376,2023-10-19,0
CUST881,37,F,New York,382,318.9951240338988,6,131,2023-02-13,0
CUST882,55,M,Berlin,2380,11.915719950813378,42,229,2022-05-13,0
CUST883,53,M,Berlin,1724,36.76485475210936,91,176,2015-01-05,1
CUST884,44,M,Berlin,2122,94.95014067563973,50,315,2019-06-29,0
CUST885,56,M,Berlin,481,351.9101709806091,45,422,2022-12-10,1
CUST886,58,F,Berlin,2406,147.47364140809518,51,359,2024-03-13,1
CUST887,23,M,New York,2291,88.58499691905813,10,306,2018-10-20,0
CUST888,38,M,Paris,1456,186.03198970452144,86,401,2022-05-20,0
CUST889,59,M,New York,751,61.11446458706647,92,363,2015-10-09,1
CUST890,25,M,Berlin,2968,201.26424971479676,29,491,2015-05-23,0
CUST891,68,F,Berlin,1184,184.9177959230855,72,234,2018-05-22,1
CUST892,38,F,New York,803,33.44955717964251,33,79,2022-10-12,0
CUST893,51,M,Paris,3174,32.94018683531304,23,77,2023-05-14,1
CUST894,35,F,Paris,2053,49.57402289353947,50,378,2024-03-30,0
CUST895,45,F,Berlin,385,111.91688249787315,79,78,2018-09-06,0
CUST896,40,F,Berlin,2640,44.62324708895156,81,101,2016-03-26,0
CUST897,60,F,New York,2056,156.39225152965327,81,190,2024-07-25,0
CUST898,25,F,Paris,2741,47.47245527638123,80,433,2022-10-03,1
CUST899,65,F,London,2585,48.012016316115904,85,22,2019-03-13,1
CUST900,68,M,Berlin,501,62.98691653948533,76,159,2020-10-22,0
CUST901,63,F,Paris,2056,111.31355145155513,54,399,2023-10-13,1
CUST902,46,M,London,2669,67.80055918087633,83,100,2015-07-29,1
CUST903,69,F,London,1735,336.5623021101688,60,290,2016-03-15,0
CUST904,52,F,Berlin,1659,101.96803882481919,95,311,2020-07-29,0
CUST905,42,F,Paris,2573,36.382420810861674,62,209,2020-07-31,1
CUST906,65,M,New York,79,171.5003638484546,75,489,2022-01-31,0
CUST907,54,M,London,747,165.7094279899011,49,181,2016-09-19,0
CUST908,25,F,Berlin,2270,214.96787784468637,82,475,2017-06-23,0
CUST909,27,F,New York,3378,53.4746577231399,79,175,2023-08-29,1
CUST910,43,F,Berlin,1145,49.24767908226519,76,169,2016-10-19,1
CUST911,52,M,Berlin,1844,50.95075607833392,50,338,2015-08-12,0
CUST912,21,M,Paris,2842,98.04781175102208,26,486,2019-03-10,0
CUST913,49,F,Berlin,108,61.2850292361914,65,332,2023-06-10,0
CUST914,31,M,Berlin,1645,93.88335012269738,52,141,2023-09-16,0
CUST915,19,M,Berlin,1667,45.30072589977927,20,194,2015-03-13,1
CUST916,38,M,Paris,3189,173.07767256097466,74,230,2017-02-25,0
CUST917,22,F,London,486,41.26394944813887,91,84,2024-03-17,1
CUST918,26,M,Berlin,2917,44.31807654233422,81,309,2021-08-06,0
CUST919,34,M,London,3343,122.17470422150114,75,476,2019-03-26,0
CUST920,41,M,Berlin,336,71.41919016470878,69,10,2022-08-25,0
CUST921,69,M,New York,2605,254.54371592933924,76,453,2021-01-08,1
CUST922,22,F,Paris,2392,57.64463444436524,84,364,2017-11-18,1
CUST923,48,F,Berlin,3416,42.265412177421396,35,435,2019-01-30,1
CUST924,65,M,New York,1659,163.1676553939108,66,314,2020-04-27,1
CUST925,68,F,London,2317,107.05648515508118,38,24,2023-10-14,1
CUST926,68,F,New York,3081,72.61962601958246,61,323,2021-07-06,0
CUST927,25,F,Paris,574,95.49372894237634,49,496,2019-02-16,1
CUST928,43,M,London,3328,42.641112819637925,10,361,2021-02-10,0
CUST929,35,M,London,639,60.753488685919585,53,273,2021-06-23,1
CUST930,26,M,New York,716,17.88878478522207,29,440,2022-04-30,1
CUST931,52,F,New York,98,61.34252089001958,83,458,2020-12-09,1
CUST932,55,M,Paris,718,35.577431100081995,63,182,2023-10-25,0
CUST933,35,M,London,692,101.76024897344232,39,317,2016-07-10,0
CUST934,65,M,Paris,3225,43.68423125004994,66,286,2020-10-05,0
CUST935,21,F,Paris,1059,75.19097669447132,4,15,2023-10-10,1
CUST936,62,F,London,3588,34.00308028580461,44,46,2022-09-15,0
CUST937,32,F,New York,394,117.90038293108209,18,67,2019-07-14,1
CUST938,61,M,Paris,55,48.2020901332728,91,281,2020-01-23,1
CUST939,61,M,Berlin,1844,134.82222562617102,13,350,2022-04-26,0
CUST940,18,M,New York,2702,43.213340514432105,46,478,2021-08-14,1
CUST941,21,M,London,3273,29.699675115893825,26,99,2023-08-17,0
CUST942,55,F,Paris,2995,49.60354637598793,79,420,2017-08-20,0
CUST943,32,M,Berlin,3086,202.35303812492677,77,21,2020-06-10,1
CUST944,21,M,Paris,2883,190.52361132484063,50,467,2019-02-02,1
CUST945,22,M,London,2888,131.9486638771675,99,55,2019-04-17,0
CUST946,69,M,Berlin,441,176.40184959199587,62,315,2018-03-06,1
CUST947,58,M,Berlin,2132,79.04403633699539,26,178,2023-08-08,1
CUST948,69,F,London,3546,231.79052614291686,43,20,2024-09-14,1
CUST949,29,F,Berlin,3179,91.23553085195513,48,315,2018-07-02,0
CUST950,44,F,Berlin,1674,68.21318970301105,27,323,2015-07-23,0
CUST951,29,F,New York,1829,246.36852479150005,45,45,2021-12-27,1
CUST952,44,M,New York,1481,232.11942293917352,85,56,2022-12-15,1
CUST953,65,F,Berlin,2247,101.18876707069073,23,53,2021-02-11,1
CUST954,44,M,Paris,1545,140.9205065653334,25,203,2016-12-10,0
CUST955,62,M,New York,1568,18.797566406309944,54,64,2022-11-19,1
CUST956,25,M,London,1234,179.88230150876777,21,279,2024-06-19,1
CUST957,23,F,Berlin,2291,36.14507877921348,67,306,2021-04-23,1
CUST958,48,M,New York,925,102.09577404533132,20,303,2022-11-17,1
CUST959,68,M,Berlin,2591,358.95307423993194,10,44,2021-12-26,1
CUST960,46,F,London,295,176.27713019047172,12,370,2017-06-07,1
CUST961,24,F,London,1492,64.79153713196614,17,470,2022-08-03,0
CUST962,69,F,London,1739,67.42355688627994,63,164,2018-03-01,0
CUST963,59,M,New York,1890,48.35587840396162,80,91,2021-03-10,1
CUST964,32,F,London,955,26.30378604002084,88,353,2021-10-19,0
CUST965,20,F,Berlin,1293,99.88083814281428,57,47,2017-01-27,1
CUST966,49,M,Paris,1665,72.61446441138243,18,461,2019-01-11,1
CUST967,46,F,London,2919,37.42112969303141,71,64,2021-02-04,0
CUST968,57,F,Paris,2307,331.51917660518853,79,53,2022-09-14,0
CUST969,23,F,London,180,56.838048817684026,34,42,2017-12-22,0
CUST970,54,M,New York,1508,40.62842715249693,94,45,2015-07-03,0
CUST971,45,M,Berlin,2079,152.72123039231755,91,417,2019-04-01,1
CUST972,29,F,Berlin,1468,144.89724858571583,37,212,2022-12-24,0
CUST973,42,F,Berlin,843,91.05487109796738,5,345,2021-01-30,1
CUST974,43,F,Paris,569,163.42093086041365,3,245,2015-01-17,1
CUST975,19,M,London,177,205.1004970391467,48,304,2019-02-15,1
CUST976,26,F,Berlin,136,19.456998295716943,4,356,2019-02-03,1
CUST977,60,M,New York,1903,21.40054511754653,68,28,2018-09-30,0
CUST978,49,M,Berlin,3266,79.29279667774394,91,431,2015-04-30,1
CUST979,35,F,Paris,1127,25.908434852676628,32,249,2020-08-17,1
CUST980,31,F,Paris,1500,69.3165662734229,12,354,2021-05-20,0
CUST981,47,M,Berlin,3526,163.64807111261638,99,278,2021-06-02,0
CUST982,34,F,Berlin,586,179.01714678507716,68,365,2024-09-28,0
CUST983,27,F,Paris,525,59.44631942001657,29,214,2016-08-08,1
CUST984,45,F,London,2770,25.63227926998129,65,419,2018-07-02,1
CUST985,46,M,Berlin,70,87.17613337740082,94,179,2017-06-05,0
CUST986,66,M,New York,2125,62.37994450285266,59,175,2023-02-23,1
CUST987,44,M,Berlin,2566,123.98363493743933,91,175,2021-11-06,0
CUST988,18,F,Berlin,1501,37.64735223198299,19,335,2019-08-11,1
CUST989,39,M,New York,968,13.511498354445713,66,24,2021-08-31,0
CUST990,62,M,New York,2323,41.724236806385825,19,228,2018-12-28,0
CUST991,29,M,New York,2702,170.80014994427043,98,353,2015-11-05,0
CUST992,57,F,New York,2547,78.83300047975,81,389,2016-06-27,0
CUST993,69,M,Berlin,929,23.768016223014467,18,360,2024-05-30,0
CUST994,66,F,Paris,1507,130.78920815428876,18,117,2020-12-09,1
CUST995,28,M,Paris,206,189.67493412455957,6,255,2019-02-05,1
CUST996,54,F,Berlin,1285,37.50260224972836,48,305,2022-01-24,0
CUST997,34,M,Paris,414,258.81662934949765,97,193,2018-12-01,1
CUST998,60,M,New York,1891,65.08551052433947,30,198,2021-01-29,1
CUST999,55,M,New York,2900,148.6621195758729,83,168,2016-01-25,1
CUST1000,25,F,London,957,36.28936891645527,11,261,2022-10-09,1
